,0,1,2,3,4,5,6,7,8,9,10,11,12,13,14,15,16,17,18,19,20
0,0.01988977819055944,1.993883069415356e-06,1127.1689569468372,4470.786246224548,2233.8346577649118,50580.659699572374,1.73982152773533e-05,6.78765710304674e-10,24.068497675404974,73.37571636642973,1323.4637920673076,141.17386855381417,-20.66817922806141,14443.581363210333,0.16491492410640876,0.0860766826631416,0.21009270896158824,0.08825403400925484,0.1547513974687804,0.059385338314792875,0
1,0.04183995863970588,4.393179936392495e-06,1819.9495467868346,30154.12897972144,2702.39229350556,91188.53028759216,3.7504854844883084e-05,1.099009439009535e-09,21.480389424002087,69.15320659916999,2188.4067670036766,225592.44511622458,-19.095695999003027,11897.383746643029,0.11785339966421224,0.07660913149234902,0.19047388807581303,0.09419390956756084,0.14349233434056088,0.06274328331883004,0
2,0.08387890625,5.010446166992188e-05,3570.6053254156714,56082.07020284613,3696.071409933987,45629.54084954294,0.00016910994600038975,1.0348070844656831e-08,20.938718338468103,79.1117660452066,6636.01640625,1494033.0379403683,-19.254192216730576,7748.494740790394,0.11159478808914734,0.07572031253869337,0.1998981104135983,0.09403809260762733,0.1476464511862184,0.061533858785448946,0
3,0.03296609526699029,6.3602858500337314e-06,2205.9543504757553,7198.682558737323,3573.117237159855,10168.21307483277,0.0005999361164867878,5.365028865611521e-09,23.798819533913562,39.64293432447528,3233.5344925667478,71497.44971981256,-27.073382829559534,13222.862573131544,0.30043680812784423,0.10410830872243673,0.2921877904745903,0.07740750669908475,0.19226613835475662,0.046367065375482935,0
4,0.022191097861842105,1.4549477278690916e-06,1203.1793315977116,13631.145253742245,2018.4487561253682,70368.80014307862,1.4159295460558496e-05,6.650737738311818e-10,23.79272930846582,93.23037145729587,1490.3243215460527,2078.2059777806667,-17.790101321311013,13434.916414081428,0.15667664719302532,0.07882340166586015,0.215295769773173,0.08887024051125623,0.15825257992871364,0.05828945427923943,0
5,0.0441634807180851,6.944323370354882e-06,2431.303007016866,12002.693248579331,3369.949003684052,9578.184581076363,5.888647137908265e-05,5.102796518663411e-10,23.108614755764144,84.0696331877714,3937.369099069149,334815.1624057022,-18.89209279991363,10853.097215497339,0.11628127669098304,0.07633980666162417,0.18901042413810173,0.09521571165317741,0.14336329421088906,0.0627802992063354,0
6,0.026614498782467532,2.972258144616075e-05,1680.5454778559924,4765.1891689266,3430.0556520632176,28746.5050386382,0.00013521831715479493,3.418348659689485e-10,24.911000322885528,65.67253999407637,2156.9557883522725,17359.685188482617,-28.386978496553777,16534.99557846956,0.17378942725872967,0.08205112999219319,0.20808275011388594,0.09067252556044135,0.1449754142785589,0.06231546258809354,0
7,0.03881555316091954,1.70174607639663e-05,1544.0249060925298,3950.89999808147,2139.8825987631562,24639.517097853157,7.840996840968728e-05,5.307254191677657e-09,25.373179834040645,30.050737876997026,1989.8412244073277,7035.203754689266,-17.880694191150805,6013.248300129636,0.1988118713713506,0.07475776125231283,0.2565097682176205,0.07830850859678382,0.16554723899006815,0.0559274449960986,0
8,0.04693027712264151,8.683477953771289e-06,1919.7833828729613,15462.291238680864,2416.377069080311,25742.745521100886,2.7427979148342274e-05,1.5326432345474927e-09,22.625911693747597,98.86670019411106,2156.976894162736,115915.08727346963,-24.94214339758577,12939.266700116004,0.11465633333538756,0.07630837284314937,0.18438907163199558,0.09634006961364643,0.14308694701326108,0.06285945892775754,0
9,0.12294735270700637,0.005647527909896947,4462.726190577054,1908932.4678125593,4003.353569352547,241031.17079160752,0.0068719880655407906,0.0004636766389012337,22.34440881849548,83.80616323940778,8371.478465863853,5279316.535401505,-17.078219643687856,5312.705322171235,0.1362713859823288,0.0836706943930763,0.23614858424888693,0.10464888898416938,0.162175972344695,0.05703228732738606,0
10,0.04242259837962963,5.92356029034315e-06,1453.9984985976967,1744.130929199219,2187.9843060089906,9292.27874868619,6.291626050369814e-05,1.424505735592163e-09,23.781093044210063,44.92967967581799,2488.6002604166665,4997.707324557835,-26.3057170409155,8501.269237527582,0.16810469682047918,0.08390417237116661,0.21482276129030412,0.08895750893616729,0.1555984059363802,0.05912246940339077,0
11,0.04247416834677419,0.0001681942696625931,1631.11721559441,18443.365374042027,2244.3064159439195,17961.730576126894,7.459611515514553e-05,5.936074409795822e-10,24.113713908130556,27.21524231576795,2371.1529737903224,44943.67073388551,-20.377141763137963,7335.794433919286,0.2777588760942512,0.09606318934732216,0.2655439943295965,0.08088783019826058,0.1842502637220705,0.0493851736516808,0
12,0.027865377286585367,1.789934928753346e-06,1656.2571180578807,986.5355267400124,2551.9712475186698,8817.291919852569,3.798100078711286e-05,3.595119479893327e-10,24.73663875983777,92.23029531048246,1890.510194359756,7765.817836577663,-27.72443517623455,14028.048411824588,0.12802619504587343,0.07771124950551793,0.19320322459384587,0.0931255210806987,0.14617511141267145,0.061966170136826405,0
13,0.021039870689655172,5.7108376737723885e-05,1433.3695488382282,8452.43199118584,2250.4985052873208,41105.46736247287,5.091906132292934e-05,3.804191961442882e-10,25.177463087833686,29.87405301575903,2072.0881600215516,19376.945621023282,-21.210590869980788,6783.506996182014,0.17220560105992763,0.09069986869238923,0.20149481435979283,0.09117455626017487,0.14840745411319398,0.061308560896973556,0
14,0.05941981485445205,1.1939104512923874e-05,2178.3941485188566,8334.207920018744,2728.3660779847396,23652.700154105114,1.6508958651684225e-05,1.3879460081245298e-10,23.472672044601826,97.48455086758084,1662.4812714041095,262124.1113342741,-21.621735483449854,11374.735986967478,0.1118396576361756,0.07580009379193187,0.18355707271992416,0.09511200159398057,0.14300227539074375,0.06288368256640323,0
15,0.01674609375,9.194335937499998e-07,1170.9721706851865,6289.993183262434,2403.0342856001917,9408.209946616516,2.4736704290262423e-05,8.337892182241902e-11,25.397242607472002,73.22273670270832,1494.059765625,2988.1986657714842,-27.28503858358823,13832.186784168924,0.16498334950437368,0.08992238322565557,0.20305468698646792,0.09129985476384947,0.1417534134035517,0.0632393031217751,0
16,0.045454545454545456,0.001235643497183303,1737.8222415646478,53352.75803525002,2414.838264635928,157309.21208972146,0.00018422499124426395,3.5181031421416264e-07,25.33280472205702,56.041068316853895,2712.0090553977275,312948.1132176298,-22.21131311424228,6447.088726320001,0.22661597420810178,0.09244122890228156,0.26620460852305766,0.08242557689148111,0.18201007340243572,0.05020566651337329,0
17,0.03758169934640523,4.3234539345677684e-05,1514.7026102093077,35908.965014628826,2062.8747954793607,55306.18138669176,3.9198785088956356e-05,2.561056700045583e-09,27.713413062875794,47.36416807630018,2031.4395680147059,50193.4668267062,-20.97471864815008,6344.227683702713,0.15914952838783503,0.08115349794020975,0.21494193197209363,0.08776098844745113,0.14869289007276962,0.06122375777514059,0
18,0.0332425514363354,6.056713067309309e-05,1669.507643801376,139790.46413906929,2331.6175374653526,138133.42156315726,0.00020759008475579321,1.4256295344239334e-07,21.93543971782744,45.54951710821722,2528.3457880434785,663386.5157147212,-23.561356091747342,6554.325387055364,0.15647890711871362,0.08549774831078374,0.21188993992729988,0.09129456849419142,0.14540040804647883,0.062192054673250785,0
19,0.04047594572368421,8.839418353136226e-05,2257.3228925543194,43323.565335002204,2954.393271373216,69823.98109207783,0.00011974680091952905,2.614854999194449e-09,22.54260103303652,72.43133864059085,2996.090216385691,699276.7952649837,-22.165316805764526,11118.087136712333,0.11983199299799388,0.07608215629088717,0.1983227262434946,0.0914923495086123,0.14359342814852885,0.06271426072588662,0
20,0.07606336805555555,1.8780500913730498e-05,2324.2429266707422,7296.018522200063,2286.2126842780494,30704.012305681,1.4013193322170991e-05,6.151258391540182e-10,22.470368707680006,112.50598759687391,1735.723407451923,6419.82978617651,-18.409237400600684,7676.979368515648,0.10954038865789233,0.07549083332830339,0.18313156270307865,0.09790390850008035,0.14392627008361006,0.06261856211315309,0
21,0.03575478830645161,6.514533377338773e-05,1533.8594059537938,165051.09415565123,2378.1295950659746,541038.3516683568,8.877383515937254e-05,8.569106313416341e-08,23.958576633350585,95.95699064698846,2160.613816784274,546502.0014573582,-22.401840760348414,9704.787264521468,0.14621256066630964,0.08053073874494539,0.2081509059061448,0.09090309755799197,0.14795182148212296,0.061443591853455354,0
22,0.07349609375,7.690340677897134e-05,3073.696951676765,376714.8238909687,3150.223649572916,224319.03331668113,0.0008234368287958205,6.937269063200802e-06,21.618458310849633,80.8376551409279,5191.798828125,4347169.291110992,-20.16007147375929,5997.508303577726,0.11838376968842476,0.0764881521743647,0.21718879096912302,0.0947000957349566,0.15345394105153176,0.059785221309086325,0
23,0.09384103548728813,0.00022964941910785084,4174.561814193517,631084.2521348363,4092.9843748933963,169302.73689244132,0.001531397458165884,5.9693335060728714e-05,22.758284845073128,86.8370704199888,8701.96884931144,3886848.1239173915,-16.496368079560465,4694.251391605567,0.12588491123780793,0.08722282039140417,0.21142569589285048,0.10259212101309671,0.15577430525065286,0.059067699157009754,0
24,0.0639391447368421,0.00023877178202705705,1963.9129344650073,7514.893240620706,2107.3236456355803,10786.596841683233,2.8390812076395378e-05,6.10091199781948e-10,24.70463099516691,77.06313119767906,2528.791375411184,11261.885534759373,-18.510533467036623,6345.27643089897,0.11820791868382896,0.07590650120919283,0.19606167046755912,0.09310693658922925,0.14362945553520184,0.06270391283599479,0
25,0.08428608590338428,0.0043928072094333095,4136.165276790043,12671521.275860975,3981.928410014595,4597950.762724217,0.005058839451521635,0.00015183640061877668,21.129161222199937,68.58202937799877,7361.769603745906,39379292.35617777,-22.73673759801197,9518.666999587698,0.25470962893095744,0.11880403844716712,0.31236598840287905,0.10570515829317134,0.19048574536124072,0.04704851414750589,0
26,0.03729854356374172,0.00011596116971135175,1544.1615154728831,68182.14403430872,2347.29627174556,137480.94424252128,8.34992024465464e-05,2.058425208062431e-09,25.788174698172664,37.0901441683472,2327.7249974130796,203550.43378777005,-18.149511402542366,7521.324320268314,0.20784702035397895,0.07958494898238803,0.23610642516123406,0.08244077171309448,0.1570459209837908,0.058669912035686285,0
27,0.10287233382936507,4.7489388759744705e-05,4164.186199079861,191784.78709162518,3778.1170811930247,103347.02128678802,0.0015051739756017923,4.0014598198467866e-05,19.66511364613283,77.8992890882514,7902.25830078125,1980407.0894420147,-23.53321166861368,6800.854350791133,0.11559536372081058,0.07717544992199252,0.21432555701495248,0.09359788021525854,0.1479128483029492,0.06145512264024207,0
28,0.12713913690476192,0.0008252978595205986,3617.7050360337453,29638.19228303259,2845.2704416763327,14841.996052798391,0.0001196124212583527,2.1964333996038476e-07,27.51038869772508,151.15629665311698,4769.091796875,172966.29524230957,-13.807227389869857,5868.550893593686,0.21072426918242165,0.09980459927214073,0.27686591257370385,0.09012226803037318,0.19240576037932866,0.0463133567061857,1
29,0.03819444444444445,0.0005081831042308235,2131.779314892266,16346.684857420094,2452.6241899207544,33651.7895885455,0.00012081845488864928,9.985813420598788e-08,26.936791444376148,96.68996537660566,3728.662109375,44898.92482757568,-10.369129461208628,6098.633207611192,0.1521575188188045,0.07885743207005377,0.23988043256397787,0.08880584230131858,0.15130561294813027,0.06043994482372393,1
30,0.029254415760869564,0.00035728053169274525,2146.706654863848,16023.149459724606,2449.8295745314867,55170.346902664845,0.00011475930659798905,2.9577728355434374e-07,28.175168963984333,99.9180290654826,3757.075832201087,56939.878031076245,-10.636516410216698,5982.854722119909,0.15304207330389388,0.07871017342996256,0.23089261918978696,0.08549975676741163,0.14668918919413704,0.06181561510690001,1
31,0.1422918911637931,0.0017115579348823827,3583.570233990127,17437.129445514227,3247.7736270689716,28337.075727641695,0.00022717093816027045,4.077395203694323e-07,26.180712360478093,118.585256187055,5151.261954471983,143757.117518205,-13.268917818839393,5564.452904668258,0.1339816439578744,0.07253949327960407,0.23631603259682316,0.09211855929237946,0.16388050831839257,0.056476512326638584,1
32,0.04401506696428571,4.782644258875425e-05,3051.401244864956,72092.22392069327,3482.8690070473613,91162.28321515392,0.0004998966469429433,8.484032605338143e-07,23.270452355727937,80.78565727274695,5792.431640625,160830.3165435791,-12.964808530608792,6512.324763064416,0.125379948166524,0.0767331963624133,0.249793205717642,0.08772122831247897,0.1558658325508379,0.05903917557656748,1
33,0.13744419642857142,0.00042233973133320703,3639.364931674863,23659.94239710358,3307.2212265766957,47062.87784186127,0.0004347629437688738,3.592470875446452e-06,26.387772667351037,113.60835626131706,5358.9990234375,388893.0235147476,-13.18626345793589,5561.360917741072,0.13145637737483457,0.07260741708006768,0.22220230677462474,0.08487776792322722,0.15944755757839715,0.057909809715617065,1
34,0.10697605298913043,0.010809481932670725,3214.1266582977814,151240.54324857594,3690.189580517813,318933.6929255055,0.0024319342337548733,2.558041705924552e-05,21.662609993594934,86.66670139552119,6187.519106657609,933591.4806156845,-13.267536445559227,6728.279123962911,0.13678064034967702,0.07915583161027505,0.2772345459555995,0.09513777349182151,0.16579010207113945,0.055846975388574506,1
35,0.09518229166666667,0.002272032631768121,2674.4505023148035,9332.150504182899,2590.381085730935,15839.289030546091,0.00016117605264298618,4.685368892864972e-08,27.632365013462536,76.28790301262069,4133.29833984375,578.4393489360809,-14.5328452361841,5788.3015809048,0.13760262065682385,0.07296321289514465,0.2448880883367089,0.08212549939463089,0.16024139795438935,0.05765602771495637,1
36,0.11814856150793651,0.0037854888571933584,3703.9590057426117,98137.44306640027,3381.8349811082458,118011.53034753032,0.0018040671711787581,1.7346052118227817e-05,21.68991708468138,90.95789735281349,6225.830078125,660153.4271240234,-23.266674068706404,6251.146189033245,0.12934110289623948,0.07692494604040001,0.27299192784213494,0.09711659522040297,0.1720553025315938,0.05373030620409506,1
37,0.10435726768092106,0.00035527880997538895,3661.061768198951,124397.50896351674,3212.6700944546137,37641.03364961732,0.001047545112669468,1.7835305925473222e-06,22.65606375232915,71.02920286649677,6180.8792917351975,675268.1898554772,-23.540977796129788,6009.590846256272,0.13386041580700142,0.07756948339606877,0.273182422994919,0.09130987804518127,0.17818570733001637,0.05158318703663508,1
38,0.094561767578125,0.00036999549716711046,3577.602081028381,91532.62839149803,3395.951633247886,195016.2509526519,0.0005546513712033629,3.675128823488194e-07,23.007297925072955,81.06148621160048,5899.02099609375,603859.381967783,-24.254592768317544,7680.0998030363235,0.1238150466785967,0.07625333759095763,0.24172229928607347,0.08923786974791718,0.16425933056561878,0.05635220565546813,1
39,0.11072958669354839,0.00044019314054395854,3863.2424110985853,97981.0693006332,3382.1127598624043,67892.29982721162,0.0014066522708162665,2.8711674531223252e-06,22.199825159698467,73.26066787975829,6562.069997479839,458741.9358252488,-23.089714953761188,6051.1281527683395,0.13243140301945774,0.07815759551962684,0.2861855942699567,0.09223430184013957,0.17853657470482115,0.05145802482600316,1
40,0.0927667025862069,0.00017246373343269268,3333.1518172601795,25196.690599265683,2911.886356403615,12751.467695912612,0.000127087565488182,1.2729310938652816e-08,26.662167332790414,77.00822026614706,5423.397090517241,101520.85486263497,-14.70069187951635,6487.984576796012,0.18875610790682126,0.09644966842708311,0.31216777227361087,0.09187076935420989,0.19477254930020385,0.045396987372432994,1
41,0.012556664737654322,4.252361244698194e-07,1457.094345418771,2077.1011216005454,2063.7263203487673,4317.1746887842055,3.202164953108877e-05,1.749177469534402e-10,26.802474378767926,20.785987850076282,3187.7115885416665,56173.19636874729,-17.06273131246672,6202.685256391676,0.18994352083485952,0.08413451437426155,0.21436735078589117,0.08790066338689162,0.14557880058506753,0.062140146153546454,1
42,0.09354960711705203,0.00017201399013717228,3400.156107315838,12764.388086059545,2906.8418905749927,6283.827015899546,0.00011554106458788738,2.083787720152941e-08,26.385817720855027,77.13532678111406,5420.392657153179,55257.33622209665,-15.01763545487708,6001.772448736417,0.17849607073453333,0.0883857201723761,0.31519608738163063,0.09226984232266977,0.1947689722250962,0.04539838079171304,1
43,0.033816964285714284,2.523276270652304e-05,1666.893396494394,14984.945440734531,1967.867229852265,11862.79812539719,4.37808885180857e-05,6.967157961668136e-10,26.296344268879764,46.60556303322776,3260.126953125,105174.28336143494,-12.496764289266347,4464.744128964281,0.17352996112029606,0.07925647857973697,0.23496885365952494,0.08312342628040705,0.15816523372036778,0.05831709217551476,1
44,0.106240234375,5.936708450317385e-05,3288.0407205363513,24516.441238071817,2891.5579196336657,12148.104782584966,9.653513552621007e-05,8.413178598232207e-09,25.812692705458375,116.7682805210922,4757.33056640625,20960.648186445236,-19.670045343960204,7774.441789631816,0.12595801442617188,0.07385702346868939,0.2267423014064917,0.08649689596212752,0.16379479807986433,0.05650459745530981,1
45,0.10666384396853147,7.05174743601603e-05,2224.576036181073,2569.4080855916272,2092.0335420138426,2645.3686120544758,9.995118307415396e-05,1.180214037610483e-09,27.190650222293055,16.831887641313457,3484.313196569056,31640.088773308897,-18.171256373821194,5931.399952497438,0.2787958340083003,0.07387255058798359,0.3052481815268121,0.06689906086072607,0.1999595503545537,0.04334951155533803,1
46,0.05573978526069519,0.0002401098244633863,1980.767675985153,109691.32301203151,2167.9594225949636,13420.681199882134,5.936882735113613e-05,7.025095505319712e-10,28.987421571718315,26.945985736388934,3484.3486275902405,459499.40240892116,-19.135001093790834,6324.922075219701,0.17660848988056388,0.07609256687781878,0.24212803853896878,0.08056327233956445,0.15785292834096057,0.05841578634751691,1
47,0.10203017197646104,0.013326831027516067,5511.278841726748,24793578.538705777,5054.428429949107,5957906.699307375,0.006985409650951624,0.0002028759045060724,20.90334949897773,52.30600653867422,9455.45321377841,66506040.05182577,-25.311834129057875,14280.994844857309,0.38767390174693156,0.10583088451189114,0.3394701519998431,0.08978013963111209,0.19768453214600365,0.04425415908354898,1
48,0.02886962890625,0.0002464038630326589,2325.2339502121426,473133.4282041356,3293.75724960571,2618582.6136407596,0.00021006466704420745,4.470650480925542e-07,25.581037377321607,91.36651333813305,4561.270751953125,10836001.792775095,-12.841947466537231,9078.343119625786,0.25346156787086077,0.11892970826366259,0.2906971079072589,0.09432302111567709,0.17449378960071005,0.052885250724116456,1
49,0.11216517857142858,0.000932682533653415,3923.984276119753,2120067.646948609,3564.720600034161,2810252.0440803333,0.000968495209235698,1.9655055439216085e-05,25.845084734029005,133.76327495612966,5851.167297363281,16749479.706489956,-15.363968533459875,8183.278441920103,0.25245837365676144,0.12198234603757087,0.30620983325989953,0.09385615924703217,0.2004271861628303,0.04316227638018351,1
50,0.12033739276960784,0.00010242942478600854,3525.991506369529,11375.463075282401,2735.6245301136923,38356.54702098948,0.00017447798745706677,4.7146781412266137e-07,26.82882369033864,155.86044564130418,4481.017348345588,45645.17933604627,-14.883761011514483,5757.641359560148,0.2322326822279346,0.11036755226021304,0.27911292639690694,0.08887784770264469,0.1923138359526029,0.046348721834528685,1
51,0.11787683823529412,9.841709950940972e-05,3500.9777901251873,4816.348492795454,2691.683459038607,11329.591278674465,6.0943370044697076e-05,6.765141336018132e-09,26.806107681747026,152.90619386982706,4434.15096507353,33.5146564100853,-14.832256231052858,5756.8406302207395,0.23187771656101802,0.11006354783285216,0.28495175101775294,0.08990106023377582,0.1939984514471561,0.04569793416943876,1
52,0.05794008316532258,0.0005770032909484609,1872.4386234838846,5244.536315222087,2324.302524408288,25962.387042327664,0.00019485082884784788,1.920378451814031e-07,25.37758420408282,50.69621570688355,3473.4445879536293,17703.388263854227,-20.132751759418575,5669.118533994387,0.36261483228455554,0.0880430145986385,0.2926900156266337,0.07147018750971734,0.19117212850661075,0.046786550615585225,1
53,0.0512109375,0.00013145103454589844,1808.5136615935119,89605.29549153948,2357.056857872676,99110.72397460073,0.0002318278857273981,3.945100388591527e-07,24.836058341426355,48.692476356195776,3312.2373046875,503363.99563694,-19.80260422538722,5664.1499511187885,0.3371239256870538,0.0868442771613239,0.2819060299962622,0.0740233162367414,0.18133158456764073,0.05045218977152189,1
54,0.0325,0.0013417704264322915,2168.341616560662,14990.8127650036,2460.79064988426,62029.544470363195,0.00014970764459576458,6.178902935971564e-07,28.407954341193815,95.2263555264335,3807.64453125,60938.19772338867,-10.834653416231442,5955.61026790331,0.1510999132133031,0.0777237353425955,0.22979989881931795,0.08583771073254863,0.14734505229745018,0.061622768896795,1
55,0.025437878024193547,0.00011958391187590443,2173.550379513836,2368.331191248743,2472.1799064088596,18236.744234741058,0.00010331124940421432,1.101550779480931e-07,28.1656848113602,98.93338348169158,3857.2218371975805,31956.205038076627,-10.627204496369362,5868.995507288804,0.1537856628094007,0.07821134003273673,0.23731667507322982,0.08729718827740385,0.14990580650425572,0.06086158250964197,1
56,0.05774147727272727,0.00013184303094532866,2367.274162632965,26592.337705069807,1876.06873424398,50629.590413739286,5.872664405615069e-05,1.749897293734648e-08,24.588716396798837,79.10863631082226,3617.578125,99345.29842029918,-21.840219563012514,7115.239823776898,0.22156651885635642,0.09226726671287912,0.3044661586139249,0.07451065148028499,0.19432926444875875,0.04556947031213772,2
57,0.022238026494565216,3.9377487449429656e-05,1397.1043662568954,9740.934166330117,1591.3616310769116,25275.356537915497,2.2078062102082185e-05,1.0990204302174789e-09,21.606648201551867,58.708158794127954,2002.587890625,59915.36969723909,-20.94565111008581,7825.458201095462,0.1683439658616961,0.07819156554160205,0.2319004643186347,0.08683027681390945,0.16432075491482218,0.05633202283755628,2
58,0.06194694674744898,0.00020634708480008789,2711.6177785214018,91093.83652217282,2282.098332774979,29431.166713014016,0.0001507242996012792,2.89771957540097e-08,24.64026760917235,72.92614759087793,4304.00390625,396182.95669555664,-28.110531034946714,6404.776042377504,0.25294383109064694,0.09640303265197324,0.3431337816171701,0.074737141532479,0.19275840150660725,0.046177531981950924,2
59,0.08175223214285714,6.675882404353343e-05,3908.3441471656065,58237.55767862879,3095.541047617661,28928.402530935065,0.00012121360487071797,2.9157054548534234e-09,24.16899880840048,131.62908993004933,6780.13916015625,277056.7135512829,-26.421215427365333,5235.006416409596,0.14768690708562887,0.07325067971952447,0.22454520067716632,0.08830619377727246,0.1688609291101401,0.054819319953393564,2
60,0.060713918585526314,0.0001987128046410896,2786.077339950801,66797.39405695417,2331.3858812212434,30869.955293358267,0.00020182374282740057,1.9007775620139e-07,24.579042797882344,73.93704512216165,4448.306435032895,307885.95872242365,-27.61723574372289,6129.01260105698,0.25432276506667933,0.09602953822818344,0.34374431303163805,0.07321813127480158,0.19461274682404095,0.04545921210693507,2
61,0.059990776909722224,5.691342147780054e-05,2092.7234948348755,24646.54405086071,1768.183292722306,26113.960704445668,0.00011208573414478451,2.04953938265362e-08,23.678803623778254,33.599955639787865,3216.4225260416665,90285.07524066504,-25.54450476594451,6861.686410809163,0.4060089449475608,0.09599049363686406,0.42072077966538407,0.052371428028625634,0.23271349774605862,0.02917776130012849,2
62,0.062450553797468354,0.0002321327483304474,2791.368132670829,57710.150828269405,2315.4290512251173,27294.903803189125,0.00036993814865127206,4.1564401698224174e-08,24.568949494131186,46.410877424911774,4559.996476958069,217366.57989624888,-30.12398472663949,5151.607296830581,0.3410825837944104,0.07208973191860092,0.3884700440302939,0.05588041927389796,0.2209131262492533,0.0345307239841148,2
63,0.04760398327464789,7.621827188925809e-06,2240.340592838111,15782.073155221966,2328.973360922632,15481.893034070543,9.441839210921898e-05,3.057951669660497e-10,22.84053494703458,71.44518328783191,3133.6876237896126,143588.23299656264,-27.539798990175285,9507.593737002035,0.22759913696955003,0.10835049463202513,0.2985139503699439,0.08042820861383063,0.1913895884498205,0.04670335876634167,2
64,0.04838335396039604,1.2086636996037844e-05,2184.9513316208936,13440.474875406224,2142.6631031540146,8438.187363890473,8.352791337529197e-05,5.227539734420361e-09,22.742972122856273,73.66192066125885,3083.7252475247524,108990.39012335663,-27.439921477923846,9712.368136832705,0.2289165316826864,0.10928856666155883,0.3014924231960707,0.08068146122791071,0.1926487574647241,0.04621978958063125,2
65,0.05365473246402878,8.98995129725595e-05,2379.142585803319,52440.124306064696,1909.6868696307392,12110.477090335171,4.4660959247266874e-05,2.8456226264239604e-10,23.938685882715838,86.78568732515912,3782.2529086106115,220957.06498078088,-24.23481422347731,6385.6760946832355,0.18179047240885762,0.07651759099308156,0.27869521535392344,0.0775728535266909,0.1897533067103359,0.04732701592582653,2
66,0.048059850305944056,1.134902284025149e-05,2228.4279480299374,16332.426752354135,2285.0252916626723,18827.8030749339,9.67930827755481e-05,7.015138692167966e-09,22.86607610039992,70.52385528907166,3128.036563046329,143454.78114385038,-27.59069322321825,9534.615684729872,0.22768596593896104,0.10831696574341282,0.29879812793872995,0.08016089672124141,0.19190118893463465,0.04650726701880698,2
67,0.06463417310393259,0.0023413475016394185,2454.3962503358775,3444378.6295016715,1951.0421261808458,827960.186730563,0.0015500261215493083,8.264938514912501e-05,25.264597817649545,46.32640240572183,3810.651114817416,6835964.465687297,-27.254224327800813,6315.037664117802,0.26500285940319535,0.07370702190101729,0.3434053861911396,0.0672359570848762,0.21291856875010914,0.037999016414738386,2
68,0.083367919921875,0.00011487450450658797,3890.5959004107003,128311.69589900426,3165.3905382260336,86269.2846922029,0.00033301569055765867,3.428916883763122e-08,25.868897632214235,117.71424932707359,6731.0101318359375,575873.9733215421,-24.009111533774067,3759.266845166789,0.22376850954700153,0.08104380079653237,0.3092902532054361,0.07514657172576869,0.20541008344911113,0.04114003095076256,2
69,0.0537109375,7.278514358232606e-05,2476.325052891253,31986.519087255518,2012.1851350945967,14778.602370768045,6.312611367320642e-05,2.3629627143861853e-09,24.934770548398625,80.93800612848392,3865.2099609375,128441.22496415985,-24.355697399607866,5835.836408241935,0.16558978175916494,0.07595431248581326,0.26052136716395646,0.0836797128980845,0.18822721916400267,0.04790384729911984,2
70,0.03359087775735294,0.00022254662530232457,2380.2713007380053,33374.501885677964,2119.5115299335866,50733.48820809105,9.795755613595247e-05,1.3164859069547674e-07,25.907678720240998,125.5018596437364,3854.7600241268383,104007.15410657821,-28.70031507065946,7608.849703361489,0.14783986450097508,0.07366302725428622,0.24087602036601014,0.08561067490866152,0.1610119416635594,0.05740848797506389,2
71,0.03036260190217391,3.539303525409085e-06,1573.3472895525003,5600.222191280064,1574.7729233336754,8528.640371250984,1.1039644050470088e-05,4.027928546257442e-10,25.277463789357043,111.52697259619899,2333.450237771739,108745.4318289946,-25.01492855101535,7267.0766687793175,0.12758376122019524,0.07683331894801589,0.20070308165954057,0.09202778669905559,0.14531476660618461,0.06221695193952344,2
72,0.03245248367537314,6.767051154612751e-05,2380.4406865906353,26751.168239660303,2133.9528371782567,21607.826071213687,6.534942804137245e-05,3.450676189231672e-08,25.905283004713898,123.53885238924836,3848.9797108208954,96297.69674944012,-29.054164147535566,7602.849268381763,0.14614562598919598,0.07337348338869543,0.23616661465963962,0.08421201817008916,0.15920074093938594,0.05798845741768387,2
73,0.061449979258849555,8.959990154932263e-05,4557.598911833415,217379.1868498387,3674.023722039713,108092.35532954847,0.001171200885437429,5.644176894747943e-07,25.635954501125383,75.92869116025494,8322.487728152655,989073.112580255,-27.333263967011046,2635.0640133828833,0.3360191059451703,0.09005184899683663,0.3662727375125052,0.06315410646730268,0.20717620662999053,0.04041135273974081,2
74,0.044010707310267856,0.001461435622554653,1961.2952171017544,3309867.6731866063,1708.631990433198,1255887.6573195835,0.0025229216553270817,0.0002341960062040016,24.40709069079351,118.56040234137619,2924.285888671875,8830952.556096017,-24.336029186965245,7185.5180486842155,0.14302865879423857,0.08441101968058572,0.22400748959844646,0.10069585524249398,0.15387599289183085,0.059655512144886555,2
75,0.07376534598214286,6.318311302029357e-05,2458.669491921215,3670.1659227523905,1990.3981284907916,19414.941624905918,3.663902680273168e-05,1.2744868493896888e-09,23.235468588934335,93.08913902665859,4000.5615234375,76717.55611896515,-25.273117758926933,6607.797057172744,0.1290016498806715,0.07421641216973615,0.2121526560937121,0.08844054654430289,0.15732056125245922,0.05858357434054457,2
76,0.04636452414772727,4.495689128619017e-05,1538.6371479875431,2061.7928939491003,2050.936869826232,8523.31240830245,3.276066854596138e-05,1.5929105812162447e-09,21.564147603892884,59.68784384300502,1856.7493785511363,370.4777483112556,-26.303827160392817,13693.251755938873,0.21693023376806542,0.1037503892899845,0.2579811478955545,0.08777803439729838,0.18972844813780393,0.04733644930055397,2
77,0.04288526149611399,0.00014240057050002468,3386.328394509984,203205.59869828925,2775.2085996294422,147961.08586507133,0.000830116041470319,1.687672920525074e-06,25.371789511080852,61.31542639361323,5810.059858727332,878060.331577717,-29.74688224114827,3578.5126072801504,0.2861327471929974,0.06783824871132056,0.33787917915899673,0.06467202319786663,0.2099015036140669,0.039274692113887205,2
78,0.05817575165719697,0.00011805379959943647,2118.967632814264,16243.535250147508,1907.9419736459724,101284.39231895375,7.915238529676571e-05,1.1539140842842244e-07,24.570780290555085,93.51652326089553,3130.3078391335225,70559.31043403207,-26.46351597485101,7481.925288725104,0.13859464700051694,0.07423385521891881,0.22662002698163247,0.08585370991677262,0.15859048775214243,0.05818239052787088,2
79,0.04732596039012739,3.3668777445391895e-05,1363.2514169852964,1821.7069682746596,1480.260062231003,3353.1027714337615,8.436210919171572e-06,4.883146404593974e-12,26.252649082812084,70.66859951655888,1977.35152517914,26321.472499311476,-32.72711819015982,10318.486123528435,0.18611517895312651,0.07286634526748487,0.2588192610515412,0.0771303194785195,0.17137897585351936,0.05396257996873216,2
80,0.02983422974246231,2.0966337550809557e-06,1728.560315110598,14058.666225719926,1531.6701640282542,8827.8880039422,7.408228611893719e-06,1.9148627128373619e-10,26.338584138028235,117.43318625097162,2712.967179648241,85899.37024181419,-26.43482165153146,7156.4588422280085,0.1263017003980579,0.07564825761867253,0.20599869103229618,0.09034871098791031,0.15303047738166956,0.05991500632567164,2
81,0.14653409554503916,0.03274079777784859,4008.797678524452,19972724.961941376,3379.6715246420513,8063387.781855214,0.030022813007235527,0.0029903792310506105,22.916593990627756,81.237084201041,6817.310908942559,63569177.57779724,-33.33329837543445,14759.810720308136,0.28891247721412056,0.10307785325784291,0.3516361360551864,0.09814616749671536,0.19794819643014522,0.04414984486338596,2
82,0.10167292872956403,0.03790280619426569,3595.8748293341923,16181031.972587487,2724.2596436359763,3351568.330949734,0.009946891106665134,0.0007922867080196738,24.333448030394866,116.92239786409806,5653.668628661444,35271478.81094999,-30.65842625019543,11237.349658996794,0.1740326263825625,0.08614515776440494,0.27407617600323064,0.10306602888196774,0.171108253219935,0.054055299013355936,2
83,0.13805165187376725,0.04632252912327437,4004.3923209115196,22655023.59076301,3106.191636516889,3613546.3645250276,0.012501255609095097,0.0009606024250388145,22.940186647775185,105.35660777722282,5569.242326183432,46936516.265006326,-32.309107965772846,15033.373207470933,0.17210155067390212,0.0918326503605317,0.26931293357117186,0.10779557112885481,0.17003269101787336,0.054422217318553734,2
84,0.026936848958333332,1.7560491658220387e-05,1181.1013519429216,3740.990030830593,1979.3293194713444,47384.605720442516,2.597789170977194e-05,4.909043727074902e-10,26.238793834470275,45.96917429235238,2029.6675248579545,48985.71050364125,-12.650566157326935,7464.655564855572,0.16197867298979648,0.08441440243838928,0.21732481919978094,0.0895228745669461,0.14543941108606592,0.062180711036271645,3
85,0.040864920910493825,0.0020423032146931206,1587.8173214773954,84777.69753687362,3415.4257257771997,129623.01286770744,0.0004638523969333619,4.1552206653250323e-07,20.091571442680603,33.53047594761629,1642.3719618055557,400641.55407893815,-7.780952430360775,8120.439003863066,0.25771733552899095,0.08069820567550293,0.32497415408212793,0.07029418053314035,0.19161119225529272,0.04661848433583858,3
86,0.041290283203125,6.517674773931503e-05,2165.413728337906,1607906.8758762437,3526.4039057323434,2226782.711216852,0.0018120382446795702,6.58477729302831e-05,18.73932022026011,102.42960393521564,3350.8355712890625,15165758.09496603,-11.105835649694827,9454.419786525903,0.1642046109052915,0.0963904360810364,0.29090939455673037,0.08727345994576667,0.18342465699248675,0.049688728540521906,3
87,0.0835546875,0.00027795448303222654,2689.069176356691,263878.9802468977,4074.330398460156,606826.5516795925,0.0007963305688463151,1.124863729273784e-06,17.34434962955622,81.79482118148779,3551.6865234375,1902481.8718156815,-6.067901153981043,6365.513817583139,0.12183728061890091,0.07421040492503354,0.49507742801262605,0.06205139132269274,0.25493216714325,0.01834292348897938,3
88,0.08901079963235294,0.0008965033560888165,2704.084263071967,271759.8570337822,4083.6824639572455,587783.9568655109,0.0009094387060031295,1.925579226735863e-06,17.462526539020317,82.81807602486586,3597.7338005514707,2081878.758054291,-6.151854108646481,6339.078829283685,0.12323369231119524,0.07431671701071241,0.49750046764042977,0.06214760503861493,0.25423477331926236,0.01869801336863661,3
89,0.027379529229525863,4.023904873414782e-05,1693.2030044696917,224795.984243913,3437.7450664228672,715879.6198436888,0.00029971037292853,1.7665780660536257e-07,21.993562572554296,61.223173683420306,2077.490023908944,1299723.5420962418,-11.472368475519268,8199.168322743544,0.20485709149718512,0.08596319099730299,0.2846658409224768,0.07930233357545564,0.17905760406865306,0.05127170775852682,3
90,0.028778872282608697,7.826053352572294e-05,2684.96226275452,1302551.1875023926,4557.17575460848,1709361.434136516,0.0017408501589670777,1.6549147403566167e-05,18.274490477633396,68.54020317486145,5766.404551630435,16701594.739579344,-8.097367690479173,9241.777237030718,0.19066938983432855,0.09834318623075118,0.34119610980299797,0.0773459396697898,0.20449094573018703,0.04151678644770703,3
91,0.0332275390625,0.0002921456098556518,1582.562137304773,71785.1339964815,3421.0154968902293,114812.59948461744,0.00040289145545102656,1.4788075475280493e-07,20.231681489405563,35.20510798868054,1608.2611083984375,268963.7920316309,-7.735713113199718,8099.443448256497,0.25966274627022934,0.08187668653641075,0.32523706537607994,0.07048435117203491,0.19098345801565517,0.046858652097715815,3
92,0.0374978615419708,0.001146793848184361,1648.590251998767,132565.495970461,3496.5562943297405,195132.56758585462,0.0006356431404128671,4.054460987390485e-06,20.03813100112686,39.4585152660961,1654.1272239963503,835273.2158257245,-8.03321689031763,8313.461446057107,0.2711954933372599,0.08302844078649924,0.3482991399575908,0.069955913397828,0.20585787722195878,0.040955867719002274,3
93,0.030472366898148147,0.0002153495375184529,1463.1171128431158,96602.63755449785,3235.868529535726,198335.18419556358,0.0003060252929572016,3.6842941142367636e-08,20.448567001536386,31.67135181712026,1456.8806966145833,42204.75215050908,-7.34339697989496,8120.885529594539,0.2598029628649213,0.08095001273729185,0.3127934976945925,0.07175915360247313,0.18621754456259776,0.04865635943041025,3
94,0.02074766995614035,0.00010213620041142465,1168.3127289758768,200344.74330089596,2742.4550081001635,445075.8157070974,0.00038760752067901194,1.6364399471058277e-06,20.396603806566922,30.691594120969192,1415.9025493421052,777699.7275233598,-5.332361714429875,7558.846654295415,0.29824057458665804,0.08153095090418183,0.29006959384023256,0.07893888363269722,0.1707127568116306,0.05419048799510642,3
95,0.05783420138888889,0.0005078904422712914,1812.927449777573,199046.40792143033,2170.447407960195,546926.7381723409,0.0008440043311566114,1.335192791884765e-05,24.175741837689184,49.081863613541344,3087.2233072916665,1438972.251945072,-9.120488578085922,5591.0120453950085,0.32605828388516034,0.07278491547051037,0.4463516085327243,0.07514774278195847,0.23378693282795207,0.028677003372231964,3
96,0.025112490110759493,0.0006542307427823017,1201.6785285295593,113541.86170169304,2834.580859950505,312665.235923088,0.00024140154710039496,3.931974958959472e-07,20.912562066448704,28.404677926486418,1363.4061016613923,199094.82163699882,-6.167845327342904,7815.205336250333,0.306808486917368,0.08290165685061843,0.27829359715394536,0.07833454043576325,0.16457015805824396,0.05624999641001794,3
97,0.033429939516129034,0.000251897004094754,1948.124509447456,710421.5320371765,3536.579445960015,1110034.8593090083,0.00092460704036057,4.388401521282503e-06,21.307963349450183,60.311834315510964,2807.373991935484,4808751.283475538,-9.253243623629633,6526.433892902917,0.2581664301364335,0.10021494877495651,0.32045649857193587,0.08301111314160646,0.19179137818519565,0.04654940058715659,3
98,0.056214021381578945,4.0361716146284197e-05,2611.675696009365,991907.8247157995,3795.8062818447975,1729398.940950632,0.0013392114778980613,2.1079162252135575e-05,18.655825623604727,89.77311111304134,4176.7614103618425,11860791.924438583,-11.852484028794196,9464.836670489745,0.1538427455460603,0.09197490440691647,0.3281674514050095,0.07959822137989837,0.19530617388279162,0.045188831776598104,3
99,0.0191251547029703,6.31285310512204e-05,2082.347388648382,492263.8973087817,4209.175101379303,854310.2325294751,0.0006067698122933507,1.9763310774578713e-06,19.41823163847727,46.31387673886306,3465.1401028774753,8371251.750335006,-11.118319631807413,7123.534565232903,0.1878330426991563,0.08909127712440543,0.27260410990400574,0.08485720340577463,0.16451489243799605,0.05626818349944791,3
100,0.021993215460526315,0.00020952182463331555,2164.2302439452274,2033815.2357566715,4058.6105677819396,1577467.7364529436,0.00267987372353673,6.695315096294507e-05,18.736969680524695,46.77816132314148,3074.94140625,17419980.48173001,-13.145058329136807,8493.361916339458,0.23405447868266993,0.10486350229363468,0.31491611873140063,0.0957581880803354,0.18762585333626164,0.04812987249317296,3
101,0.0639377170138889,5.908733532752519e-05,2411.957813069411,1027853.3128738105,3470.6473903645974,1679721.394725561,0.001188024994917214,2.314080120413564e-05,17.565048782034435,85.37344336878596,2854.1463216145835,12495667.099737454,-12.268129470791333,10473.74357196316,0.1548941884137355,0.0975134322060106,0.29810660181682985,0.08456809652967785,0.18086251959861718,0.05062208233777314,3
102,0.026569234913793104,4.82779904296367e-05,1655.1546396460942,733267.145729512,3392.6726251563723,1458419.482164329,0.0006431948859244585,7.3319133662153035e-06,21.085212748171102,56.369679787915516,2213.928854054418,4749944.052253933,-10.525502510091613,8604.899453679282,0.2178885784665094,0.08927292071904604,0.3093651404135459,0.08548001560011073,0.187738941858155,0.04808742304331363,3
103,0.07310512609649122,4.705424380691354e-05,2601.3059381761564,834820.8106575911,3609.774979518414,2088365.1378679934,0.0010463095968589187,8.699657882971223e-06,18.80568971578247,105.83924340162046,4046.3533100328946,13013826.303746225,-12.523605768590116,10254.868229344687,0.14204902832446975,0.08639330581469387,0.3894411142020657,0.07542355562399158,0.22179427784081948,0.034140631650402695,3
104,0.08951171875,0.0002056735992431641,2762.1099257733167,445796.980398342,3594.161777973373,1105194.229372488,0.0007539698272012174,1.263414446839306e-06,18.2709000536705,83.04766893895476,4028.8623046875,4696718.857884407,-10.850818666235867,9080.291678164707,0.13325215170846014,0.07906331638402392,0.45548800888511454,0.06716208226059664,0.24929441746757333,0.021185626752836598,3
105,0.024211069171348316,6.017957638496252e-05,1260.8430110148427,671023.9662422155,2469.5689942154945,953160.3381339188,0.00063501694239676,1.0284029485774226e-05,22.130927980314997,38.96474082147708,1962.666783707865,6007579.832950816,-7.015694648649942,7126.016504290359,0.2872265886338533,0.08354528934833606,0.28678388812185623,0.08238795455980118,0.18005727373095692,0.05091271150990858,3
106,0.11112467447916667,0.0005409899685117933,2978.943126822694,500115.08456932876,3715.7880588198136,1481432.3937652297,0.001771157025359571,4.785847522725817e-06,15.884037292036252,48.07225457177816,4408.92333984375,7508844.063431025,-9.39275425438788,7944.644755678067,0.1832935863986396,0.0858866696913285,0.602627499563499,0.052196541952706746,0.27404975671720944,0.008230064176571655,3
107,0.019356863839285716,7.791056924936723e-05,933.2471781245197,605557.3668840715,2138.5504166492574,796979.4145124641,0.0005809642025269568,9.475467777519953e-06,17.76010442483847,29.989879979602026,1308.58154296875,5598507.17112422,-7.911016237826617,9240.266552024623,0.3561581239759912,0.08792737213843785,0.4564294177075207,0.07211919062865986,0.22694511568774814,0.03182924779880794,3
108,0.02,3.0482228597005207e-05,874.766615013625,15740.120517150172,1970.6589794458037,121301.28333037705,4.34229732491076e-05,7.91533893984564e-10,19.773665069175973,36.40193762320111,1239.35546875,36034.14249420166,-5.597862324945163,7394.448083334216,0.37407712766493134,0.09807877172511005,0.36565082904155816,0.08278758480972945,0.20062699414138654,0.04308214255512537,3
109,0.035081699916294645,0.0002481585936810897,3505.416882397299,1838918.1736143732,5479.205097909744,1553493.8631707756,0.005791742354631424,3.954031126340851e-05,15.796371911862305,24.800338007212893,9079.398193359375,25931652.942346036,-12.22131859771467,10709.461519206858,0.30384213002480687,0.07915210634659359,0.42671231871080517,0.06298125171400971,0.23752705141432623,0.02691423317974937,3
110,0.05051599172600211,0.0004086894895440036,4841.310407297821,1473746.4468197285,6279.42992855344,1021299.4738474933,0.012727244757115841,0.00012709603470284492,14.621691259528296,32.11721813101778,12891.006508356408,14275316.33876535,-10.822116292367053,10462.223233414947,0.37568256916800535,0.10903328828670414,0.5357584799614643,0.06594628284086836,0.256115787111697,0.017738036925489212,3
111,0.06755388087296983,0.00044214426638510045,4798.631795683684,1715703.625885955,6007.455648962151,1668449.2825630463,0.01286289282143116,0.00018718017963692546,14.152687885454212,44.86093887012042,12026.368886854698,22579463.58484059,-12.991158911998072,11457.130201341506,0.4048146522362482,0.12510411829175386,0.5662022617546011,0.064505469224329,0.2585879152045297,0.0164656234435083,3
